{"C3loss": 0.8239260315895081, "_timestamp": 1676911429.112408, "_runtime": 28826.344252824783, "_step": 23885, "C4loss": 0.03972012922167778, "C5loss": 0.3681769073009491, "C7loss": 1.1705830097198486, "C9loss": 0.5495592355728149, "C10loss": 0.30032438039779663, "C11loss": 0.5196477174758911, "C0loss": 0.03000015579164028, "C2loss": 0.05945419520139694, "C6loss": 0.1473054140806198, "C1loss": 0.8511115908622742, "C8loss": 0.3107280135154724, "G0EER": 6.4756233717901, "MINC@0.01": 0.9604220306095581, "G1EER": 14.588873524093183, "G2EER": 8.148069354324006, "G3EER": 19.45537708754388, "G4EER": 7.51515796191895, "G5EER": 16.593120314742944, "G6EER": 17.32088304801429, "G7EER": 25.78318997141451, "G8EER": 18.699063361073044, "G9EER": 24.284139007331312, "G10EER": 18.646665803511766, "G11EER": 22.728316781324338}