{"C3loss": 0.9557203650474548, "_timestamp": 1676894422.595091, "_runtime": 11819.826936006546, "_step": 10267, "C4loss": 0.03755521774291992, "C5loss": 0.8450567722320557, "C7loss": 1.794074296951294, "C9loss": 1.0529570579528809, "C10loss": 0.5248154997825623, "C11loss": 1.0521361827850342, "C0loss": 0.045266877859830856, "C2loss": 0.10192080587148666, "C6loss": 0.3375931680202484, "C1loss": 1.43827223777771, "C8loss": 0.5509118437767029, "G0EER": 5.997129033973098, "MINC@0.01": 0.8618923193985955, "G1EER": 14.711200936070634, "G2EER": 7.932372800255197, "G3EER": 19.955323901712585, "G4EER": 7.37412940613536, "G5EER": 17.269439421338152, "G6EER": 17.17101850250735, "G7EER": 25.49426479912387, "G8EER": 18.27771053086633, "G9EER": 23.690126232059484, "G10EER": 18.813793447032268, "G11EER": 25.275232001844483}