{"C3loss": 0.5730193257331848, "_timestamp": 1676961252.1069603, "_runtime": 78649.33880519867, "_step": 63081, "C4loss": 0.017362212762236595, "C5loss": 0.33736586570739746, "C7loss": 0.953643798828125, "C9loss": 0.29668182134628296, "C10loss": 0.1560741513967514, "C11loss": 0.419930100440979, "C0loss": 0.017995066940784454, "C2loss": 0.07582457363605499, "C6loss": 0.06888756901025772, "C1loss": 0.4653010666370392, "C8loss": 0.1620510369539261, "G0EER": 7.273113934818438, "MINC@0.01": 0.9311949684441574, "G1EER": 15.578129986171685, "G2EER": 8.793662608325802, "G3EER": 18.959008985060343, "G4EER": 8.12908713913552, "G5EER": 16.65691955978521, "G6EER": 17.384663822889884, "G7EER": 24.65271773589256, "G8EER": 18.652429824492803, "G9EER": 23.188656406709317, "G10EER": 18.733386802593287, "G11EER": 22.641074413510864}