{"C1loss": 1.2133313417434692, "_timestamp": 1676911704.7641528, "_runtime": 18004.147981882095, "_step": 13906, "C4loss": 0.09027913957834244, "C6loss": 0.1787359118461609, "C7loss": 1.5470316410064697, "C9loss": 0.7974709868431091, "C10loss": 0.5127838850021362, "C11loss": 0.8026303648948669, "C2loss": 0.07376813143491745, "C5loss": 0.5274190306663513, "C8loss": 0.4723006784915924, "C0loss": 0.016314635053277016, "C3loss": 0.8984584212303162, "G0EER": 6.3557068396979055, "G0MINC@0.01": 0.5625053863767552, "G1EER": 29.331985958940543, "G1MINC@0.01": 0.9990426550366983, "G2EER": 9.016959965973737, "G2MINC@0.01": 0.7202506428320246, "G3EER": 21.420596522941146, "G3MINC@0.01": 0.9998404425061164, "G4EER": 7.937689404008719, "G4MINC@0.01": 0.6981981186665167, "G5EER": 20.070179169546492, "G5MINC@0.01": 0.9789857178921373, "G6EER": 17.81658885238342, "G6MINC@0.01": 0.9003087951139641, "G7EER": 33.51786889951516, "G7MINC@0.01": 0.9980277779467399, "G8EER": 21.044527496552448, "G8MINC@0.01": 0.8947032122975823, "G9EER": 26.964119114217695, "G9MINC@0.01": 0.9949980463155018, "G10EER": 22.652602455472937, "G10MINC@0.01": 0.897580009100781, "G11EER": 29.074503881445384, "G11MINC@0.01": 0.9678723897891671}