{"C1loss": 1.4388259649276733, "_timestamp": 1676894707.2705035, "_runtime": 1006.6543326377869, "_step": 3488, "C4loss": 0.2803313434123993, "C6loss": 0.7477976679801941, "C7loss": 2.4038429260253906, "C9loss": 1.5881867408752441, "C10loss": 1.0011394023895264, "C11loss": 1.8581368923187256, "C2loss": 0.145597442984581, "C5loss": 1.3114182949066162, "C8loss": 1.07059907913208, "C0loss": 0.10282092541456223, "C3loss": 1.4302223920822144, "G0EER": 6.345069673438997, "G0MINC@0.01": 0.5939953176674702, "G1EER": 26.29592216492105, "G1MINC@0.01": 0.9985639825550473, "G2EER": 8.405550534318678, "G2MINC@0.01": 0.7375813855053547, "G3EER": 23.361156892976766, "G3MINC@0.01": 0.9998936283374109, "G4EER": 9.649635812642885, "G4MINC@0.01": 0.7578037588903175, "G5EER": 21.681110106863734, "G5MINC@0.01": 0.9986703542176364}