{"C1loss": 0.7836121320724487, "_timestamp": 1676961177.5430071, "_runtime": 67476.92683625221, "_step": 51695, "C4loss": 0.027835296466946602, "C6loss": 0.030226469039916992, "C7loss": 1.0443761348724365, "C9loss": 0.3587677478790283, "C10loss": 0.23465830087661743, "C11loss": 0.5297405123710632, "C2loss": 0.04582904279232025, "C5loss": 0.20261232554912567, "C8loss": 0.23506705462932587, "C0loss": 0.019534574821591377, "C3loss": 0.3998672366142273, "G0EER": 7.342229783614227, "G0MINC@0.01": 0.6392150317608682, "G1EER": 28.86915838162582, "G1MINC@0.01": 0.9978193809169237, "G2EER": 8.621423252845439, "G2MINC@0.01": 0.7082995074481344, "G3EER": 20.80097861929582, "G3MINC@0.01": 0.9856319872217825, "G4EER": 7.985538837790419, "G4MINC@0.01": 0.740782333293891, "G5EER": 18.248058717157743, "G5MINC@0.01": 0.9595552532300742, "G6EER": 17.447720474526648, "G6MINC@0.01": 0.820264212294396, "G7EER": 32.22102210864108, "G7MINC@0.01": 0.9914420219142863, "G8EER": 20.456713216204953, "G8MINC@0.01": 0.9042048677881307, "G9EER": 26.491556288561373, "G9MINC@0.01": 0.985767212916273, "G10EER": 21.298086489858946, "G10MINC@0.01": 0.9137693771758093, "G11EER": 27.113954694795083, "G11MINC@0.01": 0.945910600903532}